{"cameraMode":{"drawMode":0,"name":"Shaded","section":"Shading Mode"},"sceneLighting":false,"audioPlay":false,"sceneViewState":{"m_AlwaysRefresh":false,"showFog":true,"showSkybox":false,"showFlares":true,"showImageEffects":true,"showParticleSystems":true,"showVisualEffectGraphs":true,"m_FxEnabled":true},"in2DMode":false,"pivot":{"x":-0.0004557371139526367,"y":1.5661640167236329,"z":-209.93301391601563},"rotation":{"x":-0.18906056880950929,"y":0.0067726196721196178,"z":-0.001304037868976593,"w":-0.9819432497024536},"size":1.774483561515808,"orthographic":false}